,TxHash,BlockHeight,TimeStamp,From,To,Value,ContractAddress,Input,isError
0,0x32a23f430008214acadc09b95bb909f0472e09071f443bc5ddaa5fd79691e42f,5831408,1529628569,0xe89943ec20d856f064a87349a00ef6ab00aed042,0xd2fe1258d2e40c98c43ece341f7711d5584d209d,0.540000000000000000,NULL,0x,0
1,0x3bdd79b3d618dac2dab98d5feadcaf0806e68fff3c69232ec8d09691e0483c97,5831497,1529629932,0xd2fe1258d2e40c98c43ece341f7711d5584d209d,0x55db7b326bd0d23fcfe235555540f9e879b0c43a,0.510000000000000000,NULL,0x,0
2,0xbfe66ed7eff3561667be9eacd68b2b3f757a1bf2d3af452e2b580490ee6dcf41,5839299,1529746077,0xd2fe1258d2e40c98c43ece341f7711d5584d209d,0x866e68bc6578f462153a15992bae6bd36f1d9430,0.028619000000000000,NULL,0x,0
3,0x9b1c416a5cbd777dd1f06dce031930916308a534c1478697fa0b3a98f536c83c,5843367,1529804181,0x866e68bc6578f462153a15992bae6bd36f1d9430,0xd2fe1258d2e40c98c43ece341f7711d5584d209d,0.010000000000000000,NULL,0x,0
4,0x9cfe2a25323fefac89a744400befd95658b411d1af4a283f24429863b1b66bcf,5843373,1529804294,0xd2fe1258d2e40c98c43ece341f7711d5584d209d,0xf4065e4477e91c177ded71a7a6fb5ee07dc46bc9,0E-18,NULL,0xa9059cbb000000000000000000000000866e68bc6578f462153a15992bae6bd36f1d943000000000000000000000000000000000000000000000003e5774bb09f3380000,0
5,0x5c2e7e7bda60d3ccd12c146c7a21c8724cfb5fc3e00152a3f1e6514101309b7b,6154189,1534369880,0xe89943ec20d856f064a87349a00ef6ab00aed042,0xd2fe1258d2e40c98c43ece341f7711d5584d209d,3.000000000000000000,NULL,0x,0
6,0xa796879667578932190c2463316c43212b16833fad92d78ace6420e86ffc50cc,6154205,1534370174,0xd2fe1258d2e40c98c43ece341f7711d5584d209d,0x0a7dde263eb93f69acd1671a223c5c93faa73701,3.000000000000000000,NULL,0x,0
7,0x559b7b0396188f615da0d02d794521d39fe4c8c9ece9369526a96ca27d51aa01,6242910,1535665705,0xe89943ec20d856f064a87349a00ef6ab00aed042,0xd2fe1258d2e40c98c43ece341f7711d5584d209d,3.000000000000000000,NULL,0x,0
8,0x5f6a61a31b310d45f83d53b4c2010372e46ef4ae824fa0aaef153e04418612c2,6242972,1535666517,0xd2fe1258d2e40c98c43ece341f7711d5584d209d,0xca86235f98a92928bc43a66c3437a565299c46b1,3.000000000000000000,NULL,0x,0
9,0x9a78b95c3d4c53e4ead9ed341297fc39b58c6f32a099e5186bc43c9b3ba3d1fc,6506023,1539415493,0xe89943ec20d856f064a87349a00ef6ab00aed042,0xd2fe1258d2e40c98c43ece341f7711d5584d209d,3.000000000000000000,NULL,0x,0
10,0x2b4431874df710c1e20ffc98b230bc6e3be5d976bf7d0eb61d43b59fab5f31d8,6506200,1539417876,0xd2fe1258d2e40c98c43ece341f7711d5584d209d,0xbf35815a1bad1bd6a8f6f14aaf253cafae4e4572,3.000000000000000000,NULL,0x,0
