,TxHash,BlockHeight,TimeStamp,From,To,Value,ContractAddress,Input,isError
0,0x0bd75cc43bb9066973d4ef0fa024a69a89914011d190f0f7eb82a22f27b2adf3,4525713,1510311722,0x0a4a2413d7c604647c7788fd3564b3c54fe06763,NULL,0E-18,0x030ac093aea737f4762444fb7b9a6edad223b466,NULL,0
1,0xd7c08f451dc54eabf0acd89e36746d8d6dcf5f54880b276c9906c6235a3802e6,4525978,1510315610,0x0a4a2413d7c604647c7788fd3564b3c54fe06763,0x030ac093aea737f4762444fb7b9a6edad223b466,0.097000000000000000,NULL,NULL,0
2,0x1c668de72ac89332d00012630e20bf947da06639d989785feca447b4bd1b9675,4526020,1510316175,0x0a4a2413d7c604647c7788fd3564b3c54fe06763,0x030ac093aea737f4762444fb7b9a6edad223b466,0.097000000000000000,NULL,NULL,0
3,0x826ca53b4b3b591f70e88dd4616ac5f7841534645caa16bb50f319135b54249d,4526020,1510316175,0x0a4a2413d7c604647c7788fd3564b3c54fe06763,0x030ac093aea737f4762444fb7b9a6edad223b466,0.097000000000000000,NULL,NULL,0
4,0xc3202b21e60e719f4c3f13bdecb17912490186f39570e518d3737a64c4f6286c,4526028,1510316325,0x0a4a2413d7c604647c7788fd3564b3c54fe06763,0x030ac093aea737f4762444fb7b9a6edad223b466,0.097000000000000000,NULL,NULL,0
5,0xc3202b21e60e719f4c3f13bdecb17912490186f39570e518d3737a64c4f6286c,4526028,1510316325,0x030ac093aea737f4762444fb7b9a6edad223b466,0x98e0268e190a02b5b933c940815a543d5e7ff3f0,0.388000000000000000,NULL,NULL,0
