,TxHash,BlockHeight,TimeStamp,From,To,Value,ContractAddress,Input,isError
0,0x93cd63d6d724ff5a7254d3536eefc308a63558ad37fcdd43f2a994085d9d8934,4751073,1513552897,0x96fd24f41e165c64e0f308c8a95cc764efd74e5c,0x4c3b9ca57efcfb3cbdf990f3f2c7ac8a3979584d,0.002730000000000000,NULL,0x,0
1,0x1667b23d8b4b572c6febf55fefb20628b7b1d4b008532d5130f7e74f1b3244d9,4751091,1513553188,0x9a7f15771ec6bd979ec181e5f73730f817c2f956,0x4c3b9ca57efcfb3cbdf990f3f2c7ac8a3979584d,0.090000000000000000,NULL,0x,0
2,0xbcd0cddfdb1f850160bfc45c547f030fe8508124a1c54f8b7dcdf6b0456d88f9,4751262,1513555573,0x5baeac0a0417a05733884852aa068b706967e790,0x4c3b9ca57efcfb3cbdf990f3f2c7ac8a3979584d,0.015000000000000000,NULL,0x,0
3,0xb5cd21b3c08b1096d2694c613da60bf93162539ae7242f24f45f65c3feaae209,4751278,1513555803,0x4c3b9ca57efcfb3cbdf990f3f2c7ac8a3979584d,0x0a4a2413d7c604647c7788fd3564b3c54fe06763,0.050000000000000000,NULL,0x65874490000000000000000000000000041131496be57fab5d9eb918db1bbc8193885dd8,0
