,TxHash,BlockHeight,TimeStamp,From,To,Value,ContractAddress,Input,isError
0,0xdef259485aba24cd941ca1248bbdd5dc08f02b2ae5a6c384ee04d1f5d66426c9,4750794,1513549198,0x5baeac0a0417a05733884852aa068b706967e790,0x5c29edd17f7b88527e47408a4a0a9a00608a2947,0.195000000000000000,NULL,0x,0
1,0xd14c12254e414506d6719da3286eccfdbbbf6696ba74a975b4fe0170db24b670,4750817,1513549523,0x5c29edd17f7b88527e47408a4a0a9a00608a2947,0x0a4a2413d7c604647c7788fd3564b3c54fe06763,0.100000000000000000,NULL,0x4d8d39500000000000000000000000003266d7c43429124cec16ea5cfb42808570bcecf8,0
2,0x173973f609e2bd2740b27b7860cabb5cbacfc44468f8c4f1a5d75c7235405b43,4765754,1513776586,0x999d1ce359692aebc26cd969a31d47d150128600,0x5c29edd17f7b88527e47408a4a0a9a00608a2947,0.019132450000000000,NULL,0x,0
3,0x23e47c9e0de0c090dccad8322d351980ab676e98ee5de0b32dd025ca6d86f140,4773289,1513893401,0x5c29edd17f7b88527e47408a4a0a9a00608a2947,0xe4d82e0e31bfc2a9459e91b7a71077a1e233a0db,0.100000000000000000,NULL,0x,0
4,0x7782578d3b5387b35dc579d3c630c622cc1eb719f37a50a75361f113e99319a0,4774461,1513911459,0x5c29edd17f7b88527e47408a4a0a9a00608a2947,0xf0ce98fadcc5c3286c0329e94a726bf061243049,0.007000000000000000,NULL,0x,0
