,TxHash,BlockHeight,TimeStamp,From,To,Value,ContractAddress,Input,isError
0,0x0c6c62efbed95ba31b20c56331644d6ab9872b0415a894b45925c0bbc4cc6a90,4280326,1505566395,0x0a4a2413d7c604647c7788fd3564b3c54fe06763,NULL,0E-18,0x932546156a3c54dd757781db8e4a3b3f2c2af466,NULL,0
1,0x446a2ad617b86a2c730bdec8dde8ae83f01d7d80eb54d2b0f24197bbb01587af,4525711,1510311682,0x0a4a2413d7c604647c7788fd3564b3c54fe06763,0x932546156a3c54dd757781db8e4a3b3f2c2af466,0.050000000000000000,NULL,NULL,0
2,0x0bd75cc43bb9066973d4ef0fa024a69a89914011d190f0f7eb82a22f27b2adf3,4525713,1510311722,0x0a4a2413d7c604647c7788fd3564b3c54fe06763,0x932546156a3c54dd757781db8e4a3b3f2c2af466,0.050000000000000000,NULL,NULL,0
3,0x1b45188c90c71f6c5bc448655fe7619c7e4999187ac3df9d3325f76cc8c0dfdd,4525865,1510313710,0x0a4a2413d7c604647c7788fd3564b3c54fe06763,0x932546156a3c54dd757781db8e4a3b3f2c2af466,0.097000000000000000,NULL,NULL,0
4,0x72ab0e8fdcbb4ea53072054742e5366c5b43ebfcbd63c91c4f0c9951fa01be8a,4525894,1510314160,0x0a4a2413d7c604647c7788fd3564b3c54fe06763,0x932546156a3c54dd757781db8e4a3b3f2c2af466,0.097000000000000000,NULL,NULL,0
5,0xd14c12254e414506d6719da3286eccfdbbbf6696ba74a975b4fe0170db24b670,4750817,1513549523,0x0a4a2413d7c604647c7788fd3564b3c54fe06763,0x932546156a3c54dd757781db8e4a3b3f2c2af466,0.097000000000000000,NULL,NULL,0
