,TxHash,BlockHeight,TimeStamp,From,To,Value,ContractAddress,Input,isError
0,0x5ac63dc54fd94b446f56bd95d4e2ebb1de592397a54f824d98bc4f55c63d269e,4526026,1510316275,0x98e0268e190a02b5b933c940815a543d5e7ff3f0,0x98534eb57ec3f873a4367054bcd7ff7ea8ca382c,0.105500000000000000,NULL,0x,0
1,0xc3202b21e60e719f4c3f13bdecb17912490186f39570e518d3737a64c4f6286c,4526028,1510316325,0x98534eb57ec3f873a4367054bcd7ff7ea8ca382c,0x0a4a2413d7c604647c7788fd3564b3c54fe06763,0.100000000000000000,NULL,0x4d8d3950000000000000000000000000d63f0f1a38e4b7ed821dea13625fd674d04564ad,0
2,0x5c1ddd78fac8513b03dc62e5d0cd9e8ae591e67eb3a5fb57e659d74325299e6a,4654269,1512105000,0xebf38368ca0379073fb04e3ed5cfbbf8aca8084d,0x98534eb57ec3f873a4367054bcd7ff7ea8ca382c,10.000000000000000000,NULL,0x,0
3,0x028a72e3a5c6b0acf610f777af787ce815273f5145962afe814a5d5d0c056e68,4654469,1512107950,0x98534eb57ec3f873a4367054bcd7ff7ea8ca382c,0x587e13f64c64d6fc8e5010e886b0e82df7d6f0e9,10.000500000000000000,NULL,0x,0
