,address
0,0x98534eb57ec3f873a4367054bcd7ff7ea8ca382c
1,0x7ebe54c24409d732a7749cca50ba4bdc5996ecab
2,0xf86a98363ef3c6fd3d6158e3d2cde5cb38b19e5f
3,0xd8f60ce2a960b8f57ed4daf0d6d5cdb43d0e4dd5
4,0x03751f01e5798d19a000a4e276222bdbe65095da
5,0x030ac093aea737f4762444fb7b9a6edad223b466
6,0x28d60052aed5c83c55d8988febc1127657e5ecae
7,0x19291d1ba83f2fe34c1c78e7c65a22c44e2fcc60
8,0x1bc98417ec1941bd292d36e1ffdc6c5adf0d3311
9,0x0a4a2413d7c604647c7788fd3564b3c54fe06763
10,0x930c4949e829f482bb987ff94b55da4a5a5fccda
11,0x5baeac0a0417a05733884852aa068b706967e790
12,0xe8ff43e9da55b8e068a4e2bcfcad04ba318cf8da
13,0xe775b1dec7a2763c93b2aad46059a3b971970203
14,0x4791f21d0c8af6d0ab7f5dafdbef2dbcaa84520d
15,0xb4f95531c294b00d56ad34394efa52ac6c6b1ae0
16,0xac93e910e2e3955c4a36ee0f73fd5d3362f3504f
17,0xbf29685856fae1e228878dfb35b280c0adcc3b05
