,address
0,0x9973ed66207fdbe0811e89f11b719ac7507572cc
1,0xf86a98363ef3c6fd3d6158e3d2cde5cb38b19e5f
2,0x00bd3d366b84c400da1db56190202ed26dc0f04a
3,0xc7af99fe5513eb6710e6d5f44f9989da40f27f26
4,0x0a4a2413d7c604647c7788fd3564b3c54fe06763
5,0xe6327099ea7dfc189b56921f678609175e77563e
6,0x7ff26eb9a415a5c011cfc5dd2004dd19f15ec016
7,0x801f5d6ba72c516209eba88c537414edb7e2afc9
8,0xb1690c08e213a35ed9bab7b318de14420fb57d8c
9,0x6496b3a07077266533c85d72988b763069bac147
10,0xfbb1b73c4f0bda4f67dca266ce6ef42f520fbb98
