,TxHash,BlockHeight,TimeStamp,From,To,Value,ContractAddress,Input,isError
0,0xabefd8ee0d1a3d23cb9b66884df948526a98e37873e3e39f54b850dba88af30e,6148546,1534288012,0x211fe77c1f9742f9baafd04c3289981aa4e69251,0x0a7dde263eb93f69acd1671a223c5c93faa73701,0.500000000000000000,NULL,0x,0
1,0xd951693841e181844c38d6074fb4d94ba229d26f68bc596faca0b79141bf89dd,6148972,1534294164,0x1b2f5afa51c645a39469e522de2af0d52c2c1905,0x0a7dde263eb93f69acd1671a223c5c93faa73701,0.071265680000000000,NULL,0x,0
2,0xa796879667578932190c2463316c43212b16833fad92d78ace6420e86ffc50cc,6154205,1534370174,0xd2fe1258d2e40c98c43ece341f7711d5584d209d,0x0a7dde263eb93f69acd1671a223c5c93faa73701,3.000000000000000000,NULL,0x,0
3,0x77200d0a667e962cad90e8ac50045276bdc919de63a14aebb2fc4b98d830622d,6154568,1534375340,0xb01cb49fe0d6d6e47edf3a072d15dfe73155331c,0x0a7dde263eb93f69acd1671a223c5c93faa73701,13.300000000000000000,NULL,0x,0
